,Name,objType
0,170141,Star
1,193680,Star
2,187796,Star
3,257937,Star
4,257498,Star
5,201433,Star
6,162220,Star
7,177940,Star
8,152476,Star
9,149026,Star
10,18242,Star
11,224490,Star
12,202012,Star
13,31996,Star
14,103483,Star
15,148206,Star
16,152276,Star
17,109914,Star
18,39881,Star
19,92763,Star
20,186686,Star
21,64379,Star
22,82901,Star
23,194636,Star
24,222561,Star
25,14028,Star
26,27490,Star
27,84748,Star
28,12021,Star
29,138268,Star
30,12211,Star
31,2051,Star
32,73603,Star
33,136753,Star
34,141850,Star
35,109729,Star
36,120499,Star
37,128609,Star
38,34019,Star
39,220105,Star
40,196094,Star
41,143454,Star
42,39816,Star
43,224960,Star
44,117833,Star
45,107199,Star
46,1967,Star
47,170141,Star
48,193680,Star
49,187796,Star
50,257937,Star
51,257498,Star
52,201433,Star
53,162220,Star
54,177940,Star
55,152476,Star
56,149026,Star
57,18242,Star
58,224490,Star
59,202012,Star
60,31996,Star
61,103483,Star
62,148206,Star
63,152276,Star
64,109914,Star
65,39881,Star
66,92763,Star
67,186686,Star
68,64379,Star
69,82901,Star
70,194636,Star
71,222561,Star
72,14028,Star
73,27490,Star
74,84748,Star
75,12021,Star
76,138268,Star
77,12211,Star
78,2051,Star
79,73603,Star
80,136753,Star
81,141850,Star
82,109729,Star
83,120499,Star
84,128609,Star
85,34019,Star
86,220105,Star
87,196094,Star
88,143454,Star
89,39816,Star
90,224960,Star
91,117833,Star
92,107199,Star
93,1967,Star
94,170141,Star
95,193680,Star
96,187796,Star
97,257937,Star
98,257498,Star
99,201433,Star
100,162220,Star
101,177940,Star
102,152476,Star
103,149026,Star
104,18242,Star
105,224490,Star
106,202012,Star
107,31996,Star
108,103483,Star
109,148206,Star
110,152276,Star
111,109914,Star
112,39881,Star
113,92763,Star
114,186686,Star
115,64379,Star
116,82901,Star
117,194636,Star
118,222561,Star
119,14028,Star
120,27490,Star
121,84748,Star
122,12021,Star
123,138268,Star
124,12211,Star
125,2051,Star
126,73603,Star
127,136753,Star
128,141850,Star
129,109729,Star
130,120499,Star
131,128609,Star
132,34019,Star
133,220105,Star
134,196094,Star
135,143454,Star
136,39816,Star
137,224960,Star
138,117833,Star
139,107199,Star
140,1967,Star
141,170141,Star
142,193680,Star
143,187796,Star
144,257937,Star
145,257498,Star
146,201433,Star
147,162220,Star
148,177940,Star
149,152476,Star
150,149026,Star
151,18242,Star
152,224490,Star
153,202012,Star
154,31996,Star
155,103483,Star
156,148206,Star
157,152276,Star
158,109914,Star
159,39881,Star
160,92763,Star
161,186686,Star
162,64379,Star
163,82901,Star
164,194636,Star
165,222561,Star
166,14028,Star
167,27490,Star
168,84748,Star
169,12021,Star
170,138268,Star
171,12211,Star
172,2051,Star
173,73603,Star
174,136753,Star
175,141850,Star
176,109729,Star
177,120499,Star
178,128609,Star
179,34019,Star
180,220105,Star
181,196094,Star
182,143454,Star
183,39816,Star
184,224960,Star
185,117833,Star
186,107199,Star
187,1967,Star
188,170141,Star
189,193680,Star
190,187796,Star
191,257937,Star
192,257498,Star
193,201433,Star
194,162220,Star
195,177940,Star
196,152476,Star
197,149026,Star
198,18242,Star
199,224490,Star
200,202012,Star
201,31996,Star
202,103483,Star
203,148206,Star
204,152276,Star
205,109914,Star
206,39881,Star
207,92763,Star
208,186686,Star
209,64379,Star
210,82901,Star
211,194636,Star
212,222561,Star
213,14028,Star
214,27490,Star
215,84748,Star
216,12021,Star
217,138268,Star
218,12211,Star
219,2051,Star
220,73603,Star
221,136753,Star
222,141850,Star
223,109729,Star
224,120499,Star
225,128609,Star
226,34019,Star
227,220105,Star
228,196094,Star
229,143454,Star
230,39816,Star
231,224960,Star
232,117833,Star
233,107199,Star
234,1967,Star
235,170141,Star
236,193680,Star
237,187796,Star
238,257937,Star
239,257498,Star
240,201433,Star
241,162220,Star
242,177940,Star
243,152476,Star
244,149026,Star
245,18242,Star
246,224490,Star
247,202012,Star
248,31996,Star
249,103483,Star
250,148206,Star
251,152276,Star
252,109914,Star
253,39881,Star
254,92763,Star
255,186686,Star
256,64379,Star
257,82901,Star
258,194636,Star
259,222561,Star
260,14028,Star
261,27490,Star
262,84748,Star
263,12021,Star
264,138268,Star
265,12211,Star
266,2051,Star
267,73603,Star
268,136753,Star
269,141850,Star
270,109729,Star
271,120499,Star
272,128609,Star
273,34019,Star
274,220105,Star
275,196094,Star
276,143454,Star
277,39816,Star
278,224960,Star
279,117833,Star
280,107199,Star
281,1967,Star
282,170141,Star
283,193680,Star
284,187796,Star
285,257937,Star
286,257498,Star
287,201433,Star
288,162220,Star
289,177940,Star
290,152476,Star
291,149026,Star
292,18242,Star
293,224490,Star
294,202012,Star
295,31996,Star
296,103483,Star
297,148206,Star
298,152276,Star
299,109914,Star
300,39881,Star
301,92763,Star
302,186686,Star
303,64379,Star
304,82901,Star
305,194636,Star
306,222561,Star
307,14028,Star
308,27490,Star
309,84748,Star
310,12021,Star
311,138268,Star
312,12211,Star
313,2051,Star
314,73603,Star
315,136753,Star
316,141850,Star
317,109729,Star
318,120499,Star
319,128609,Star
320,34019,Star
321,220105,Star
322,196094,Star
323,143454,Star
324,39816,Star
325,224960,Star
326,117833,Star
327,107199,Star
328,1967,Star
329,170141,Star
330,193680,Star
331,187796,Star
332,257937,Star
333,257498,Star
334,201433,Star
335,162220,Star
336,177940,Star
337,152476,Star
338,149026,Star
339,18242,Star
340,224490,Star
341,202012,Star
342,31996,Star
343,103483,Star
344,148206,Star
345,152276,Star
346,109914,Star
347,39881,Star
348,92763,Star
349,186686,Star
350,64379,Star
351,82901,Star
352,194636,Star
353,222561,Star
354,14028,Star
355,27490,Star
356,84748,Star
357,12021,Star
358,138268,Star
359,12211,Star
360,2051,Star
361,73603,Star
362,136753,Star
363,141850,Star
364,109729,Star
365,120499,Star
366,128609,Star
367,34019,Star
368,220105,Star
369,196094,Star
370,143454,Star
371,39816,Star
372,224960,Star
373,117833,Star
374,107199,Star
375,1967,Star
376,170141,Star
377,193680,Star
378,187796,Star
379,257937,Star
380,257498,Star
381,201433,Star
382,162220,Star
383,177940,Star
384,152476,Star
385,149026,Star
386,18242,Star
387,224490,Star
388,202012,Star
389,31996,Star
390,103483,Star
391,148206,Star
392,152276,Star
393,109914,Star
394,39881,Star
395,92763,Star
396,186686,Star
397,64379,Star
398,82901,Star
399,194636,Star
400,222561,Star
401,14028,Star
402,27490,Star
403,84748,Star
404,12021,Star
405,138268,Star
406,12211,Star
407,2051,Star
408,73603,Star
409,136753,Star
410,141850,Star
411,109729,Star
412,120499,Star
413,128609,Star
414,34019,Star
415,220105,Star
416,196094,Star
417,143454,Star
418,39816,Star
419,224960,Star
420,117833,Star
421,107199,Star
422,1967,Star
423,170141,Star
424,193680,Star
425,187796,Star
426,257937,Star
427,257498,Star
428,201433,Star
429,162220,Star
430,177940,Star
431,152476,Star
432,149026,Star
433,18242,Star
434,224490,Star
435,202012,Star
436,31996,Star
437,103483,Star
438,148206,Star
439,152276,Star
440,109914,Star
441,39881,Star
442,92763,Star
443,186686,Star
444,64379,Star
445,82901,Star
446,194636,Star
447,222561,Star
448,14028,Star
449,27490,Star
450,84748,Star
451,12021,Star
452,138268,Star
453,12211,Star
454,2051,Star
455,73603,Star
456,136753,Star
457,141850,Star
458,109729,Star
459,120499,Star
460,128609,Star
461,34019,Star
462,220105,Star
463,196094,Star
464,143454,Star
465,39816,Star
466,224960,Star
467,117833,Star
468,107199,Star
469,1967,Star
470,170141,Star
471,193680,Star
472,187796,Star
473,257937,Star
474,257498,Star
475,201433,Star
476,162220,Star
477,177940,Star
478,152476,Star
479,149026,Star
480,18242,Star
481,224490,Star
482,202012,Star
483,31996,Star
484,103483,Star
485,148206,Star
486,152276,Star
487,109914,Star
488,39881,Star
489,92763,Star
490,186686,Star
491,64379,Star
492,82901,Star
493,194636,Star
494,222561,Star
495,14028,Star
496,27490,Star
497,84748,Star
498,12021,Star
499,138268,Star
500,12211,Star
501,2051,Star
502,73603,Star
503,136753,Star
504,141850,Star
505,109729,Star
506,120499,Star
507,128609,Star
508,34019,Star
509,220105,Star
510,196094,Star
511,143454,Star
512,39816,Star
513,224960,Star
514,117833,Star
515,107199,Star
516,1967,Star
517,170141,Star
518,193680,Star
519,187796,Star
520,257937,Star
521,257498,Star
522,201433,Star
523,162220,Star
524,177940,Star
525,152476,Star
526,149026,Star
527,18242,Star
528,224490,Star
529,202012,Star
530,31996,Star
531,103483,Star
532,148206,Star
533,152276,Star
534,109914,Star
535,39881,Star
536,92763,Star
537,186686,Star
538,64379,Star
539,82901,Star
540,194636,Star
541,222561,Star
542,14028,Star
543,27490,Star
544,84748,Star
545,12021,Star
546,138268,Star
547,12211,Star
548,2051,Star
549,73603,Star
550,136753,Star
551,141850,Star
552,109729,Star
553,120499,Star
554,128609,Star
555,34019,Star
556,220105,Star
557,196094,Star
558,143454,Star
559,39816,Star
560,224960,Star
561,117833,Star
562,107199,Star
563,1967,Star
564,170141,Star
565,193680,Star
566,187796,Star
567,257937,Star
568,257498,Star
569,201433,Star
570,162220,Star
571,177940,Star
572,152476,Star
573,149026,Star
574,18242,Star
575,224490,Star
576,202012,Star
577,31996,Star
578,103483,Star
579,148206,Star
580,152276,Star
581,109914,Star
582,39881,Star
583,92763,Star
584,186686,Star
585,64379,Star
586,82901,Star
587,194636,Star
588,222561,Star
589,14028,Star
590,27490,Star
591,84748,Star
592,12021,Star
593,138268,Star
594,12211,Star
595,2051,Star
596,73603,Star
597,136753,Star
598,141850,Star
599,109729,Star
600,120499,Star
601,128609,Star
602,34019,Star
603,220105,Star
604,196094,Star
605,143454,Star
606,39816,Star
607,224960,Star
608,117833,Star
609,107199,Star
610,1967,Star
611,170141,Star
612,193680,Star
613,187796,Star
614,257937,Star
615,257498,Star
616,201433,Star
617,162220,Star
618,177940,Star
619,152476,Star
620,149026,Star
621,18242,Star
622,224490,Star
623,202012,Star
624,31996,Star
625,103483,Star
626,148206,Star
627,152276,Star
628,109914,Star
629,39881,Star
630,92763,Star
631,186686,Star
632,64379,Star
633,82901,Star
634,194636,Star
635,222561,Star
636,14028,Star
637,27490,Star
638,84748,Star
639,12021,Star
640,138268,Star
641,12211,Star
642,2051,Star
643,73603,Star
644,136753,Star
645,141850,Star
646,109729,Star
647,120499,Star
648,128609,Star
649,34019,Star
650,220105,Star
651,196094,Star
652,143454,Star
653,39816,Star
654,224960,Star
655,117833,Star
656,107199,Star
657,1967,Star
658,170141,Star
659,193680,Star
660,187796,Star
661,257937,Star
662,257498,Star
663,201433,Star
664,162220,Star
665,177940,Star
666,152476,Star
667,149026,Star
668,18242,Star
669,224490,Star
670,202012,Star
671,31996,Star
672,103483,Star
673,148206,Star
674,152276,Star
675,109914,Star
676,39881,Star
677,92763,Star
678,186686,Star
679,64379,Star
680,82901,Star
681,194636,Star
682,222561,Star
683,14028,Star
684,27490,Star
685,84748,Star
686,12021,Star
687,138268,Star
688,12211,Star
689,2051,Star
690,73603,Star
691,136753,Star
692,141850,Star
693,109729,Star
694,120499,Star
695,128609,Star
696,34019,Star
697,220105,Star
698,196094,Star
699,143454,Star
700,39816,Star
701,224960,Star
702,117833,Star
703,107199,Star
704,1967,Star
705,170141,Star
706,193680,Star
707,187796,Star
708,257937,Star
709,257498,Star
710,201433,Star
711,162220,Star
712,177940,Star
713,152476,Star
714,149026,Star
715,18242,Star
716,224490,Star
717,202012,Star
718,31996,Star
719,103483,Star
720,148206,Star
721,152276,Star
722,109914,Star
723,39881,Star
724,92763,Star
725,186686,Star
726,64379,Star
727,82901,Star
728,194636,Star
729,222561,Star
730,14028,Star
731,27490,Star
732,84748,Star
733,12021,Star
734,138268,Star
735,12211,Star
736,2051,Star
737,73603,Star
738,136753,Star
739,141850,Star
740,109729,Star
741,120499,Star
742,128609,Star
743,34019,Star
744,220105,Star
745,196094,Star
746,143454,Star
747,39816,Star
748,224960,Star
749,117833,Star
750,107199,Star
751,1967,Star
752,170141,Star
753,193680,Star
754,187796,Star
755,257937,Star
756,257498,Star
757,201433,Star
758,162220,Star
759,177940,Star
760,152476,Star
761,149026,Star
762,18242,Star
763,224490,Star
764,202012,Star
765,31996,Star
766,103483,Star
767,148206,Star
768,152276,Star
769,109914,Star
770,39881,Star
771,92763,Star
772,186686,Star
773,64379,Star
774,82901,Star
775,194636,Star
776,222561,Star
777,14028,Star
778,27490,Star
779,84748,Star
780,12021,Star
781,138268,Star
782,12211,Star
783,2051,Star
784,73603,Star
785,136753,Star
786,141850,Star
787,109729,Star
788,120499,Star
789,128609,Star
790,34019,Star
791,220105,Star
792,196094,Star
793,143454,Star
794,39816,Star
795,224960,Star
796,117833,Star
797,107199,Star
798,1967,Star
799,170141,Star
800,193680,Star
801,187796,Star
802,257937,Star
803,257498,Star
804,201433,Star
805,162220,Star
806,177940,Star
807,152476,Star
808,149026,Star
809,18242,Star
810,224490,Star
811,202012,Star
812,31996,Star
813,103483,Star
814,148206,Star
815,152276,Star
816,109914,Star
817,39881,Star
818,92763,Star
819,186686,Star
820,64379,Star
821,82901,Star
822,194636,Star
823,222561,Star
824,14028,Star
825,27490,Star
826,84748,Star
827,12021,Star
828,138268,Star
829,12211,Star
830,2051,Star
831,73603,Star
832,136753,Star
833,141850,Star
834,109729,Star
835,120499,Star
836,128609,Star
837,34019,Star
838,220105,Star
839,196094,Star
840,143454,Star
841,39816,Star
842,224960,Star
843,117833,Star
844,107199,Star
845,1967,Star
846,170141,Star
847,193680,Star
848,187796,Star
849,257937,Star
850,257498,Star
851,201433,Star
852,162220,Star
853,177940,Star
854,152476,Star
855,149026,Star
856,18242,Star
857,224490,Star
858,202012,Star
859,31996,Star
860,103483,Star
861,148206,Star
862,152276,Star
863,109914,Star
864,39881,Star
865,92763,Star
866,186686,Star
867,64379,Star
868,82901,Star
869,194636,Star
870,222561,Star
871,14028,Star
872,27490,Star
873,84748,Star
874,12021,Star
875,138268,Star
876,12211,Star
877,2051,Star
878,73603,Star
879,136753,Star
880,141850,Star
881,109729,Star
882,120499,Star
883,128609,Star
884,34019,Star
885,220105,Star
886,196094,Star
887,143454,Star
888,39816,Star
889,224960,Star
890,117833,Star
891,107199,Star
892,1967,Star
893,170141,Star
894,193680,Star
895,187796,Star
896,257937,Star
897,257498,Star
898,201433,Star
899,162220,Star
900,177940,Star
901,152476,Star
902,149026,Star
903,18242,Star
904,224490,Star
905,202012,Star
906,31996,Star
907,103483,Star
908,148206,Star
909,152276,Star
910,109914,Star
911,39881,Star
912,92763,Star
913,186686,Star
914,64379,Star
915,82901,Star
916,194636,Star
917,222561,Star
918,14028,Star
919,27490,Star
920,84748,Star
921,12021,Star
922,138268,Star
923,12211,Star
924,2051,Star
925,73603,Star
926,136753,Star
927,141850,Star
928,109729,Star
929,120499,Star
930,128609,Star
931,34019,Star
932,220105,Star
933,196094,Star
934,143454,Star
935,39816,Star
936,224960,Star
937,117833,Star
938,107199,Star
939,1967,Star
940,170141,Star
941,193680,Star
942,187796,Star
943,257937,Star
944,257498,Star
945,201433,Star
946,162220,Star
947,177940,Star
948,152476,Star
949,149026,Star
950,18242,Star
951,224490,Star
952,202012,Star
953,31996,Star
954,103483,Star
955,148206,Star
956,152276,Star
957,109914,Star
958,39881,Star
959,92763,Star
960,186686,Star
961,64379,Star
962,82901,Star
963,194636,Star
964,222561,Star
965,14028,Star
966,27490,Star
967,84748,Star
968,12021,Star
969,138268,Star
970,12211,Star
971,2051,Star
972,73603,Star
973,136753,Star
974,141850,Star
975,109729,Star
976,120499,Star
977,128609,Star
978,34019,Star
979,220105,Star
980,196094,Star
981,143454,Star
982,39816,Star
983,224960,Star
984,117833,Star
985,107199,Star
986,1967,Star
987,170141,Star
988,193680,Star
989,187796,Star
990,257937,Star
991,257498,Star
992,201433,Star
993,162220,Star
994,177940,Star
995,152476,Star
996,149026,Star
997,18242,Star
998,224490,Star
999,202012,Star
1000,31996,Star
1001,103483,Star
1002,148206,Star
1003,152276,Star
1004,109914,Star
1005,39881,Star
1006,92763,Star
1007,186686,Star
1008,64379,Star
1009,82901,Star
1010,194636,Star
1011,222561,Star
1012,14028,Star
1013,27490,Star
1014,84748,Star
1015,12021,Star
1016,138268,Star
1017,12211,Star
1018,2051,Star
1019,73603,Star
1020,136753,Star
1021,141850,Star
1022,109729,Star
1023,120499,Star
1024,128609,Star
1025,34019,Star
1026,220105,Star
1027,196094,Star
1028,143454,Star
1029,39816,Star
1030,224960,Star
1031,117833,Star
1032,107199,Star
1033,1967,Star
1034,170141,Star
1035,193680,Star
1036,187796,Star
1037,257937,Star
1038,257498,Star
1039,201433,Star
1040,162220,Star
1041,177940,Star
1042,152476,Star
1043,149026,Star
1044,18242,Star
1045,224490,Star
1046,202012,Star
1047,31996,Star
1048,103483,Star
1049,148206,Star
1050,152276,Star
1051,109914,Star
1052,39881,Star
1053,92763,Star
1054,186686,Star
1055,64379,Star
1056,82901,Star
1057,194636,Star
1058,222561,Star
1059,14028,Star
1060,27490,Star
1061,84748,Star
1062,12021,Star
1063,138268,Star
1064,12211,Star
1065,2051,Star
1066,73603,Star
1067,136753,Star
1068,141850,Star
1069,109729,Star
1070,120499,Star
1071,128609,Star
1072,34019,Star
1073,220105,Star
1074,196094,Star
1075,143454,Star
1076,39816,Star
1077,224960,Star
1078,117833,Star
1079,107199,Star
1080,1967,Star
1081,170141,Star
1082,193680,Star
1083,187796,Star
1084,257937,Star
1085,257498,Star
1086,201433,Star
1087,162220,Star
1088,177940,Star
1089,152476,Star
1090,149026,Star
1091,18242,Star
1092,224490,Star
1093,202012,Star
1094,31996,Star
1095,103483,Star
1096,148206,Star
1097,152276,Star
1098,109914,Star
1099,39881,Star
1100,92763,Star
1101,186686,Star
1102,64379,Star
1103,82901,Star
1104,194636,Star
1105,222561,Star
1106,14028,Star
1107,27490,Star
1108,84748,Star
1109,12021,Star
1110,138268,Star
1111,12211,Star
1112,2051,Star
1113,73603,Star
1114,136753,Star
1115,141850,Star
1116,109729,Star
1117,120499,Star
1118,128609,Star
1119,34019,Star
1120,220105,Star
1121,196094,Star
1122,143454,Star
1123,39816,Star
1124,224960,Star
1125,117833,Star
1126,107199,Star
1127,1967,Star
1128,170141,Star
1129,193680,Star
1130,187796,Star
1131,257937,Star
1132,257498,Star
1133,201433,Star
1134,162220,Star
1135,177940,Star
1136,152476,Star
1137,149026,Star
1138,18242,Star
1139,224490,Star
1140,202012,Star
1141,31996,Star
1142,103483,Star
1143,148206,Star
1144,152276,Star
1145,109914,Star
1146,39881,Star
1147,92763,Star
1148,186686,Star
1149,64379,Star
1150,82901,Star
1151,194636,Star
1152,222561,Star
1153,14028,Star
1154,27490,Star
1155,84748,Star
1156,12021,Star
1157,138268,Star
1158,12211,Star
1159,2051,Star
1160,73603,Star
1161,136753,Star
1162,141850,Star
1163,109729,Star
1164,120499,Star
1165,128609,Star
1166,34019,Star
1167,220105,Star
1168,196094,Star
1169,143454,Star
1170,39816,Star
1171,224960,Star
1172,117833,Star
1173,107199,Star
1174,1967,Star
1175,170141,Star
1176,193680,Star
1177,187796,Star
1178,257937,Star
1179,257498,Star
1180,201433,Star
1181,162220,Star
1182,177940,Star
1183,152476,Star
1184,149026,Star
1185,18242,Star
1186,224490,Star
1187,202012,Star
1188,31996,Star
1189,103483,Star
1190,148206,Star
1191,152276,Star
1192,109914,Star
1193,39881,Star
1194,92763,Star
1195,186686,Star
1196,64379,Star
1197,82901,Star
1198,194636,Star
1199,222561,Star
1200,14028,Star
1201,27490,Star
1202,84748,Star
1203,12021,Star
1204,138268,Star
1205,12211,Star
1206,2051,Star
1207,73603,Star
1208,136753,Star
1209,141850,Star
1210,109729,Star
1211,120499,Star
1212,128609,Star
1213,34019,Star
1214,220105,Star
1215,196094,Star
1216,143454,Star
1217,39816,Star
1218,224960,Star
1219,117833,Star
1220,107199,Star
1221,1967,Star
1222,170141,Star
1223,193680,Star
1224,187796,Star
1225,257937,Star
1226,257498,Star
1227,201433,Star
1228,162220,Star
1229,177940,Star
1230,152476,Star
1231,149026,Star
1232,18242,Star
1233,224490,Star
1234,202012,Star
1235,31996,Star
1236,103483,Star
1237,148206,Star
1238,152276,Star
1239,109914,Star
1240,39881,Star
1241,92763,Star
1242,186686,Star
1243,64379,Star
1244,82901,Star
1245,194636,Star
1246,222561,Star
1247,14028,Star
1248,27490,Star
1249,84748,Star
1250,12021,Star
1251,138268,Star
1252,12211,Star
1253,2051,Star
1254,73603,Star
1255,136753,Star
1256,141850,Star
1257,109729,Star
1258,120499,Star
1259,128609,Star
1260,34019,Star
1261,220105,Star
1262,196094,Star
1263,143454,Star
1264,39816,Star
1265,224960,Star
1266,117833,Star
1267,107199,Star
1268,1967,Star
1269,170141,Star
1270,193680,Star
1271,187796,Star
1272,257937,Star
1273,257498,Star
1274,201433,Star
1275,162220,Star
1276,177940,Star
1277,152476,Star
1278,149026,Star
1279,18242,Star
1280,224490,Star
1281,202012,Star
1282,31996,Star
1283,103483,Star
1284,148206,Star
1285,152276,Star
1286,109914,Star
1287,39881,Star
1288,92763,Star
1289,186686,Star
1290,64379,Star
1291,82901,Star
1292,194636,Star
1293,222561,Star
1294,14028,Star
1295,27490,Star
1296,84748,Star
1297,12021,Star
1298,138268,Star
1299,12211,Star
1300,2051,Star
1301,73603,Star
1302,136753,Star
1303,141850,Star
1304,109729,Star
1305,120499,Star
1306,128609,Star
1307,34019,Star
1308,220105,Star
1309,196094,Star
1310,143454,Star
1311,39816,Star
1312,224960,Star
1313,117833,Star
1314,107199,Star
1315,1967,Star
1316,170141,Star
1317,193680,Star
1318,187796,Star
1319,257937,Star
1320,257498,Star
1321,201433,Star
1322,162220,Star
1323,177940,Star
1324,152476,Star
1325,149026,Star
1326,18242,Star
1327,224490,Star
1328,202012,Star
1329,31996,Star
1330,103483,Star
1331,148206,Star
1332,152276,Star
1333,109914,Star
1334,39881,Star
1335,92763,Star
1336,186686,Star
1337,64379,Star
1338,82901,Star
1339,194636,Star
1340,222561,Star
1341,14028,Star
1342,27490,Star
1343,84748,Star
1344,12021,Star
1345,138268,Star
1346,12211,Star
1347,2051,Star
1348,73603,Star
1349,136753,Star
1350,141850,Star
1351,109729,Star
1352,120499,Star
1353,128609,Star
1354,34019,Star
1355,220105,Star
1356,196094,Star
1357,143454,Star
1358,39816,Star
1359,224960,Star
1360,117833,Star
1361,107199,Star
1362,1967,Star
1363,170141,Star
1364,193680,Star
1365,187796,Star
1366,257937,Star
1367,257498,Star
1368,201433,Star
1369,162220,Star
1370,177940,Star
1371,152476,Star
1372,149026,Star
1373,18242,Star
1374,224490,Star
1375,202012,Star
1376,31996,Star
1377,103483,Star
1378,148206,Star
1379,152276,Star
1380,109914,Star
1381,39881,Star
1382,92763,Star
1383,186686,Star
1384,64379,Star
1385,82901,Star
1386,194636,Star
1387,222561,Star
1388,14028,Star
1389,27490,Star
1390,84748,Star
1391,12021,Star
1392,138268,Star
1393,12211,Star
1394,2051,Star
1395,73603,Star
1396,136753,Star
1397,141850,Star
1398,109729,Star
1399,120499,Star
1400,128609,Star
1401,34019,Star
1402,220105,Star
1403,196094,Star
1404,143454,Star
1405,39816,Star
1406,224960,Star
1407,117833,Star
1408,107199,Star
1409,1967,Star
1410,170141,Star
1411,193680,Star
1412,187796,Star
1413,257937,Star
1414,257498,Star
1415,201433,Star
1416,162220,Star
1417,177940,Star
1418,152476,Star
1419,149026,Star
1420,18242,Star
1421,224490,Star
1422,202012,Star
1423,31996,Star
1424,103483,Star
1425,148206,Star
1426,152276,Star
1427,109914,Star
1428,39881,Star
1429,92763,Star
1430,186686,Star
1431,64379,Star
1432,82901,Star
1433,194636,Star
1434,222561,Star
1435,14028,Star
1436,27490,Star
1437,84748,Star
1438,12021,Star
1439,138268,Star
1440,12211,Star
1441,2051,Star
1442,73603,Star
1443,136753,Star
1444,141850,Star
1445,109729,Star
1446,120499,Star
1447,128609,Star
1448,34019,Star
1449,220105,Star
1450,196094,Star
1451,143454,Star
1452,39816,Star
1453,224960,Star
1454,117833,Star
1455,107199,Star
1456,1967,Star
1457,170141,Star
1458,193680,Star
1459,187796,Star
1460,257937,Star
1461,257498,Star
1462,201433,Star
1463,162220,Star
1464,177940,Star
1465,152476,Star
1466,149026,Star
1467,18242,Star
1468,224490,Star
1469,202012,Star
1470,31996,Star
1471,103483,Star
1472,148206,Star
1473,152276,Star
1474,109914,Star
1475,39881,Star
1476,92763,Star
1477,186686,Star
1478,64379,Star
1479,82901,Star
1480,194636,Star
1481,222561,Star
1482,14028,Star
1483,27490,Star
1484,84748,Star
1485,12021,Star
1486,138268,Star
1487,12211,Star
1488,2051,Star
1489,73603,Star
1490,136753,Star
1491,141850,Star
1492,109729,Star
1493,120499,Star
1494,128609,Star
1495,34019,Star
1496,220105,Star
1497,196094,Star
1498,143454,Star
1499,39816,Star
1500,224960,Star
1501,117833,Star
1502,107199,Star
1503,1967,Star
1504,170141,Star
1505,193680,Star
1506,187796,Star
1507,257937,Star
1508,257498,Star
1509,201433,Star
1510,162220,Star
1511,177940,Star
1512,152476,Star
1513,149026,Star
1514,18242,Star
1515,224490,Star
1516,202012,Star
1517,31996,Star
1518,103483,Star
1519,148206,Star
1520,152276,Star
1521,109914,Star
1522,39881,Star
1523,92763,Star
1524,186686,Star
1525,64379,Star
1526,82901,Star
1527,194636,Star
1528,222561,Star
1529,14028,Star
1530,27490,Star
1531,84748,Star
1532,12021,Star
1533,138268,Star
1534,12211,Star
1535,2051,Star
1536,73603,Star
1537,136753,Star
1538,141850,Star
1539,109729,Star
1540,120499,Star
1541,128609,Star
1542,34019,Star
1543,220105,Star
1544,196094,Star
1545,143454,Star
1546,39816,Star
1547,224960,Star
1548,117833,Star
1549,107199,Star
1550,1967,Star
1551,170141,Star
1552,193680,Star
1553,187796,Star
1554,257937,Star
1555,257498,Star
1556,201433,Star
1557,162220,Star
1558,177940,Star
1559,152476,Star
1560,149026,Star
1561,18242,Star
1562,224490,Star
1563,202012,Star
1564,31996,Star
1565,103483,Star
1566,148206,Star
1567,152276,Star
1568,109914,Star
1569,39881,Star
1570,92763,Star
1571,186686,Star
1572,64379,Star
1573,82901,Star
1574,194636,Star
1575,222561,Star
1576,14028,Star
1577,27490,Star
1578,84748,Star
1579,12021,Star
1580,138268,Star
1581,12211,Star
1582,2051,Star
1583,73603,Star
1584,136753,Star
1585,141850,Star
1586,109729,Star
1587,120499,Star
1588,128609,Star
1589,34019,Star
1590,220105,Star
1591,196094,Star
1592,143454,Star
1593,39816,Star
1594,224960,Star
1595,117833,Star
1596,107199,Star
1597,1967,Star
1598,170141,Star
1599,193680,Star
1600,187796,Star
1601,257937,Star
1602,257498,Star
1603,201433,Star
1604,162220,Star
1605,177940,Star
1606,152476,Star
1607,149026,Star
1608,18242,Star
1609,224490,Star
1610,202012,Star
1611,31996,Star
1612,103483,Star
1613,148206,Star
1614,152276,Star
1615,109914,Star
1616,39881,Star
1617,92763,Star
1618,186686,Star
1619,64379,Star
1620,82901,Star
1621,194636,Star
1622,222561,Star
1623,14028,Star
1624,27490,Star
1625,84748,Star
1626,12021,Star
1627,138268,Star
1628,12211,Star
1629,2051,Star
1630,73603,Star
1631,136753,Star
1632,141850,Star
1633,109729,Star
1634,120499,Star
1635,128609,Star
1636,34019,Star
1637,220105,Star
1638,196094,Star
1639,143454,Star
1640,39816,Star
1641,224960,Star
1642,117833,Star
1643,107199,Star
1644,1967,Star
1645,170141,Star
1646,193680,Star
1647,187796,Star
1648,257937,Star
1649,257498,Star
1650,201433,Star
1651,162220,Star
1652,177940,Star
1653,152476,Star
1654,149026,Star
1655,18242,Star
1656,224490,Star
1657,202012,Star
1658,31996,Star
1659,103483,Star
1660,148206,Star
1661,152276,Star
1662,109914,Star
1663,39881,Star
1664,92763,Star
1665,186686,Star
1666,64379,Star
1667,82901,Star
1668,194636,Star
1669,222561,Star
1670,14028,Star
1671,27490,Star
1672,84748,Star
1673,12021,Star
1674,138268,Star
1675,12211,Star
1676,2051,Star
1677,73603,Star
1678,136753,Star
1679,141850,Star
1680,109729,Star
1681,120499,Star
1682,128609,Star
1683,34019,Star
1684,220105,Star
1685,196094,Star
1686,143454,Star
1687,39816,Star
1688,224960,Star
1689,117833,Star
1690,107199,Star
1691,1967,Star
1692,170141,Star
1693,193680,Star
1694,187796,Star
1695,257937,Star
1696,257498,Star
1697,201433,Star
1698,162220,Star
1699,177940,Star
1700,152476,Star
1701,149026,Star
1702,18242,Star
1703,224490,Star
1704,202012,Star
1705,31996,Star
1706,103483,Star
1707,148206,Star
1708,152276,Star
1709,109914,Star
1710,39881,Star
1711,92763,Star
1712,186686,Star
1713,64379,Star
1714,82901,Star
1715,194636,Star
1716,222561,Star
1717,14028,Star
1718,27490,Star
1719,84748,Star
1720,12021,Star
1721,138268,Star
1722,12211,Star
1723,2051,Star
1724,73603,Star
1725,136753,Star
1726,141850,Star
1727,109729,Star
1728,120499,Star
1729,128609,Star
1730,34019,Star
1731,220105,Star
1732,196094,Star
1733,143454,Star
1734,39816,Star
1735,224960,Star
1736,117833,Star
1737,107199,Star
1738,1967,Star
1739,170141,Star
1740,193680,Star
1741,187796,Star
1742,257937,Star
1743,257498,Star
1744,201433,Star
1745,162220,Star
1746,177940,Star
1747,152476,Star
1748,149026,Star
1749,18242,Star
1750,224490,Star
1751,202012,Star
1752,31996,Star
1753,103483,Star
1754,148206,Star
1755,152276,Star
1756,109914,Star
1757,39881,Star
1758,92763,Star
1759,186686,Star
1760,64379,Star
1761,82901,Star
1762,194636,Star
1763,222561,Star
1764,14028,Star
1765,27490,Star
1766,84748,Star
1767,12021,Star
1768,138268,Star
1769,12211,Star
1770,2051,Star
1771,73603,Star
1772,136753,Star
1773,141850,Star
1774,109729,Star
1775,120499,Star
1776,128609,Star
1777,34019,Star
1778,220105,Star
1779,196094,Star
1780,143454,Star
1781,39816,Star
1782,224960,Star
1783,117833,Star
1784,107199,Star
1785,1967,Star
1786,170141,Star
1787,193680,Star
1788,187796,Star
1789,257937,Star
1790,257498,Star
1791,201433,Star
1792,162220,Star
1793,177940,Star
1794,152476,Star
1795,149026,Star
1796,18242,Star
1797,224490,Star
1798,202012,Star
1799,31996,Star
1800,103483,Star
1801,148206,Star
1802,152276,Star
1803,109914,Star
1804,39881,Star
1805,92763,Star
1806,186686,Star
1807,64379,Star
1808,82901,Star
1809,194636,Star
1810,222561,Star
1811,14028,Star
1812,27490,Star
1813,84748,Star
1814,12021,Star
1815,138268,Star
1816,12211,Star
1817,2051,Star
1818,73603,Star
1819,136753,Star
1820,141850,Star
1821,109729,Star
1822,120499,Star
1823,128609,Star
1824,34019,Star
1825,220105,Star
1826,196094,Star
1827,143454,Star
1828,39816,Star
1829,224960,Star
1830,117833,Star
1831,107199,Star
1832,1967,Star
1833,170141,Star
1834,193680,Star
1835,187796,Star
1836,257937,Star
1837,257498,Star
1838,201433,Star
1839,162220,Star
1840,177940,Star
1841,152476,Star
1842,149026,Star
1843,18242,Star
1844,224490,Star
1845,202012,Star
1846,31996,Star
1847,103483,Star
1848,148206,Star
1849,152276,Star
1850,109914,Star
1851,39881,Star
1852,92763,Star
1853,186686,Star
1854,64379,Star
1855,82901,Star
1856,194636,Star
1857,222561,Star
1858,14028,Star
1859,27490,Star
1860,84748,Star
1861,12021,Star
1862,138268,Star
1863,12211,Star
1864,2051,Star
1865,73603,Star
1866,136753,Star
1867,141850,Star
1868,109729,Star
1869,120499,Star
1870,128609,Star
1871,34019,Star
1872,220105,Star
1873,196094,Star
1874,143454,Star
1875,39816,Star
1876,224960,Star
1877,117833,Star
1878,107199,Star
1879,1967,Star
1880,170141,Star
1881,193680,Star
1882,187796,Star
1883,257937,Star
1884,257498,Star
1885,201433,Star
1886,162220,Star
1887,177940,Star
1888,152476,Star
1889,149026,Star
1890,18242,Star
1891,224490,Star
1892,202012,Star
1893,31996,Star
1894,103483,Star
1895,148206,Star
1896,152276,Star
1897,109914,Star
1898,39881,Star
1899,92763,Star
1900,186686,Star
1901,64379,Star
1902,82901,Star
1903,194636,Star
1904,222561,Star
1905,14028,Star
1906,27490,Star
1907,84748,Star
1908,12021,Star
1909,138268,Star
1910,12211,Star
1911,2051,Star
1912,73603,Star
1913,136753,Star
1914,141850,Star
1915,109729,Star
1916,120499,Star
1917,128609,Star
1918,34019,Star
1919,220105,Star
1920,196094,Star
1921,143454,Star
1922,39816,Star
1923,224960,Star
1924,117833,Star
1925,107199,Star
1926,1967,Star
1927,170141,Star
1928,193680,Star
1929,187796,Star
1930,257937,Star
1931,257498,Star
1932,201433,Star
1933,162220,Star
1934,177940,Star
1935,152476,Star
1936,149026,Star
1937,18242,Star
1938,224490,Star
1939,202012,Star
1940,31996,Star
1941,103483,Star
1942,148206,Star
1943,152276,Star
1944,109914,Star
1945,39881,Star
1946,92763,Star
1947,186686,Star
1948,64379,Star
1949,82901,Star
1950,194636,Star
1951,222561,Star
1952,14028,Star
1953,27490,Star
1954,84748,Star
1955,12021,Star
1956,138268,Star
1957,12211,Star
1958,2051,Star
1959,73603,Star
1960,136753,Star
1961,141850,Star
1962,109729,Star
1963,120499,Star
1964,128609,Star
1965,34019,Star
1966,220105,Star
1967,196094,Star
1968,143454,Star
1969,39816,Star
1970,224960,Star
1971,117833,Star
1972,107199,Star
1973,1967,Star
1974,170141,Star
1975,193680,Star
1976,187796,Star
1977,257937,Star
1978,257498,Star
1979,201433,Star
1980,162220,Star
1981,177940,Star
1982,152476,Star
1983,149026,Star
1984,18242,Star
1985,224490,Star
1986,202012,Star
1987,31996,Star
1988,103483,Star
1989,148206,Star
1990,152276,Star
1991,109914,Star
1992,39881,Star
1993,92763,Star
1994,186686,Star
1995,64379,Star
1996,82901,Star
1997,194636,Star
1998,222561,Star
1999,14028,Star
2000,27490,Star
2001,84748,Star
2002,12021,Star
2003,138268,Star
2004,12211,Star
2005,2051,Star
2006,73603,Star
2007,136753,Star
2008,141850,Star
2009,109729,Star
2010,120499,Star
2011,128609,Star
2012,34019,Star
2013,220105,Star
2014,196094,Star
2015,143454,Star
2016,39816,Star
2017,224960,Star
2018,117833,Star
2019,107199,Star
2020,1967,Star
2021,170141,Star
2022,193680,Star
2023,187796,Star
2024,257937,Star
2025,257498,Star
2026,201433,Star
2027,162220,Star
2028,177940,Star
2029,152476,Star
2030,149026,Star
2031,18242,Star
2032,224490,Star
2033,202012,Star
2034,31996,Star
2035,103483,Star
2036,148206,Star
2037,152276,Star
2038,109914,Star
2039,39881,Star
2040,92763,Star
2041,186686,Star
2042,64379,Star
2043,82901,Star
2044,194636,Star
2045,222561,Star
2046,14028,Star
2047,27490,Star
2048,84748,Star
2049,12021,Star
2050,138268,Star
2051,12211,Star
2052,2051,Star
2053,73603,Star
2054,136753,Star
2055,141850,Star
2056,109729,Star
2057,120499,Star
2058,128609,Star
2059,34019,Star
2060,220105,Star
2061,196094,Star
2062,143454,Star
2063,39816,Star
2064,224960,Star
2065,117833,Star
2066,107199,Star
2067,1967,Star
2068,170141,Star
2069,193680,Star
2070,187796,Star
2071,257937,Star
2072,257498,Star
2073,201433,Star
2074,162220,Star
2075,177940,Star
2076,152476,Star
2077,149026,Star
2078,18242,Star
2079,224490,Star
2080,202012,Star
2081,31996,Star
2082,103483,Star
2083,148206,Star
2084,152276,Star
2085,109914,Star
2086,39881,Star
2087,92763,Star
2088,186686,Star
2089,64379,Star
2090,82901,Star
2091,194636,Star
2092,222561,Star
2093,14028,Star
2094,27490,Star
2095,84748,Star
2096,12021,Star
2097,138268,Star
2098,12211,Star
2099,2051,Star
2100,73603,Star
2101,136753,Star
2102,141850,Star
2103,109729,Star
2104,120499,Star
2105,128609,Star
2106,34019,Star
2107,220105,Star
2108,196094,Star
2109,143454,Star
2110,39816,Star
2111,224960,Star
2112,117833,Star
2113,107199,Star
2114,1967,Star
2115,170141,Star
2116,193680,Star
2117,187796,Star
2118,257937,Star
2119,257498,Star
2120,201433,Star
2121,162220,Star
2122,177940,Star
2123,152476,Star
2124,149026,Star
2125,18242,Star
2126,224490,Star
2127,202012,Star
2128,31996,Star
2129,103483,Star
2130,148206,Star
2131,152276,Star
2132,109914,Star
2133,39881,Star
2134,92763,Star
2135,186686,Star
2136,64379,Star
2137,82901,Star
2138,194636,Star
2139,222561,Star
2140,14028,Star
2141,27490,Star
2142,84748,Star
2143,12021,Star
2144,138268,Star
2145,12211,Star
2146,2051,Star
2147,73603,Star
2148,136753,Star
2149,141850,Star
2150,109729,Star
2151,120499,Star
2152,128609,Star
2153,34019,Star
2154,220105,Star
2155,196094,Star
2156,143454,Star
2157,39816,Star
2158,224960,Star
2159,117833,Star
2160,107199,Star
2161,1967,Star
2162,170141,Star
2163,193680,Star
2164,187796,Star
2165,257937,Star
2166,257498,Star
2167,201433,Star
2168,162220,Star
2169,177940,Star
2170,152476,Star
2171,149026,Star
2172,18242,Star
2173,224490,Star
2174,202012,Star
2175,31996,Star
2176,103483,Star
2177,148206,Star
2178,152276,Star
2179,109914,Star
2180,39881,Star
2181,92763,Star
2182,186686,Star
2183,64379,Star
2184,82901,Star
2185,194636,Star
2186,222561,Star
2187,14028,Star
2188,27490,Star
2189,84748,Star
2190,12021,Star
2191,138268,Star
2192,12211,Star
2193,2051,Star
2194,73603,Star
2195,136753,Star
2196,141850,Star
2197,109729,Star
2198,120499,Star
2199,128609,Star
2200,34019,Star
2201,220105,Star
2202,196094,Star
2203,143454,Star
2204,39816,Star
2205,224960,Star
2206,117833,Star
2207,107199,Star
2208,1967,Star
2209,170141,Star
2210,193680,Star
2211,187796,Star
2212,257937,Star
2213,257498,Star
2214,201433,Star
2215,162220,Star
2216,177940,Star
2217,152476,Star
2218,149026,Star
2219,18242,Star
2220,224490,Star
2221,202012,Star
2222,31996,Star
2223,103483,Star
2224,148206,Star
2225,152276,Star
2226,109914,Star
2227,39881,Star
2228,92763,Star
2229,186686,Star
2230,64379,Star
2231,82901,Star
2232,194636,Star
2233,222561,Star
2234,14028,Star
2235,27490,Star
2236,84748,Star
2237,12021,Star
2238,138268,Star
2239,12211,Star
2240,2051,Star
2241,73603,Star
2242,136753,Star
2243,141850,Star
2244,109729,Star
2245,120499,Star
2246,128609,Star
2247,34019,Star
2248,220105,Star
2249,196094,Star
2250,143454,Star
2251,39816,Star
2252,224960,Star
2253,117833,Star
2254,107199,Star
2255,1967,Star
2256,170141,Star
2257,193680,Star
2258,187796,Star
2259,257937,Star
2260,257498,Star
2261,201433,Star
2262,162220,Star
2263,177940,Star
2264,152476,Star
2265,149026,Star
2266,18242,Star
2267,224490,Star
2268,202012,Star
2269,31996,Star
2270,103483,Star
2271,148206,Star
2272,152276,Star
2273,109914,Star
2274,39881,Star
2275,92763,Star
2276,186686,Star
2277,64379,Star
2278,82901,Star
2279,194636,Star
2280,222561,Star
2281,14028,Star
2282,27490,Star
2283,84748,Star
2284,12021,Star
2285,138268,Star
2286,12211,Star
2287,2051,Star
2288,73603,Star
2289,136753,Star
2290,141850,Star
2291,109729,Star
2292,120499,Star
2293,128609,Star
2294,34019,Star
2295,220105,Star
2296,196094,Star
2297,143454,Star
2298,39816,Star
2299,224960,Star
2300,117833,Star
2301,107199,Star
2302,1967,Star
2303,170141,Star
2304,193680,Star
2305,187796,Star
2306,257937,Star
2307,257498,Star
2308,201433,Star
2309,162220,Star
2310,177940,Star
2311,152476,Star
2312,149026,Star
2313,18242,Star
2314,224490,Star
2315,202012,Star
2316,31996,Star
2317,103483,Star
2318,148206,Star
2319,152276,Star
2320,109914,Star
2321,39881,Star
2322,92763,Star
2323,186686,Star
2324,64379,Star
2325,82901,Star
2326,194636,Star
2327,222561,Star
2328,14028,Star
2329,27490,Star
2330,84748,Star
2331,12021,Star
2332,138268,Star
2333,12211,Star
2334,2051,Star
2335,73603,Star
2336,136753,Star
2337,141850,Star
2338,109729,Star
2339,120499,Star
2340,128609,Star
2341,34019,Star
2342,220105,Star
2343,196094,Star
2344,143454,Star
2345,39816,Star
2346,224960,Star
2347,117833,Star
2348,107199,Star
2349,1967,Star
2350,170141,Star
2351,193680,Star
2352,187796,Star
2353,257937,Star
2354,257498,Star
2355,201433,Star
2356,162220,Star
2357,177940,Star
2358,152476,Star
2359,149026,Star
2360,18242,Star
2361,224490,Star
2362,202012,Star
2363,31996,Star
2364,103483,Star
2365,148206,Star
2366,152276,Star
2367,109914,Star
2368,39881,Star
2369,92763,Star
2370,186686,Star
2371,64379,Star
2372,82901,Star
2373,194636,Star
2374,222561,Star
2375,14028,Star
2376,27490,Star
2377,84748,Star
2378,12021,Star
2379,138268,Star
2380,12211,Star
2381,2051,Star
2382,73603,Star
2383,136753,Star
2384,141850,Star
2385,109729,Star
2386,120499,Star
2387,128609,Star
2388,34019,Star
2389,220105,Star
2390,196094,Star
2391,143454,Star
2392,39816,Star
2393,224960,Star
2394,117833,Star
2395,107199,Star
2396,1967,Star
2397,170141,Star
2398,193680,Star
2399,187796,Star
2400,257937,Star
2401,257498,Star
2402,201433,Star
2403,162220,Star
2404,177940,Star
2405,152476,Star
2406,149026,Star
2407,18242,Star
2408,224490,Star
2409,202012,Star
2410,31996,Star
2411,103483,Star
2412,148206,Star
2413,152276,Star
2414,109914,Star
2415,39881,Star
2416,92763,Star
2417,186686,Star
2418,64379,Star
2419,82901,Star
2420,194636,Star
2421,222561,Star
2422,14028,Star
2423,27490,Star
2424,84748,Star
2425,12021,Star
2426,138268,Star
2427,12211,Star
2428,2051,Star
2429,73603,Star
2430,136753,Star
2431,141850,Star
2432,109729,Star
2433,120499,Star
2434,128609,Star
2435,34019,Star
2436,220105,Star
2437,196094,Star
2438,143454,Star
2439,39816,Star
2440,224960,Star
2441,117833,Star
2442,107199,Star
2443,1967,Star
2444,170141,Star
2445,193680,Star
2446,187796,Star
2447,257937,Star
2448,257498,Star
2449,201433,Star
2450,162220,Star
2451,177940,Star
2452,152476,Star
2453,149026,Star
2454,18242,Star
2455,224490,Star
2456,202012,Star
2457,31996,Star
2458,103483,Star
2459,148206,Star
2460,152276,Star
2461,109914,Star
2462,39881,Star
2463,92763,Star
2464,186686,Star
2465,64379,Star
2466,82901,Star
2467,194636,Star
2468,222561,Star
2469,14028,Star
2470,27490,Star
2471,84748,Star
2472,12021,Star
2473,138268,Star
2474,12211,Star
2475,2051,Star
2476,73603,Star
2477,136753,Star
2478,141850,Star
2479,109729,Star
2480,120499,Star
2481,128609,Star
2482,34019,Star
2483,220105,Star
2484,196094,Star
2485,143454,Star
2486,39816,Star
2487,224960,Star
2488,117833,Star
2489,107199,Star
2490,1967,Star
2491,170141,Star
2492,193680,Star
2493,187796,Star
2494,257937,Star
2495,257498,Star
2496,201433,Star
2497,162220,Star
2498,177940,Star
2499,152476,Star
2500,149026,Star
2501,18242,Star
2502,224490,Star
2503,202012,Star
2504,31996,Star
2505,103483,Star
2506,148206,Star
2507,152276,Star
2508,109914,Star
2509,39881,Star
2510,92763,Star
2511,186686,Star
2512,64379,Star
2513,82901,Star
2514,194636,Star
2515,222561,Star
2516,14028,Star
2517,27490,Star
2518,84748,Star
2519,12021,Star
2520,138268,Star
2521,12211,Star
2522,2051,Star
2523,73603,Star
2524,136753,Star
2525,141850,Star
2526,109729,Star
2527,120499,Star
2528,128609,Star
2529,34019,Star
2530,220105,Star
2531,196094,Star
2532,143454,Star
2533,39816,Star
2534,224960,Star
2535,117833,Star
2536,107199,Star
2537,1967,Star
2538,170141,Star
2539,193680,Star
2540,187796,Star
2541,257937,Star
2542,257498,Star
2543,201433,Star
2544,162220,Star
2545,177940,Star
2546,152476,Star
2547,149026,Star
2548,18242,Star
2549,224490,Star
2550,202012,Star
2551,31996,Star
2552,103483,Star
2553,148206,Star
2554,152276,Star
2555,109914,Star
2556,39881,Star
2557,92763,Star
2558,186686,Star
2559,64379,Star
2560,82901,Star
2561,194636,Star
2562,222561,Star
2563,14028,Star
2564,27490,Star
2565,84748,Star
2566,12021,Star
2567,138268,Star
2568,12211,Star
2569,2051,Star
2570,73603,Star
2571,136753,Star
2572,141850,Star
2573,109729,Star
2574,120499,Star
2575,128609,Star
2576,34019,Star
2577,220105,Star
2578,196094,Star
2579,143454,Star
2580,39816,Star
2581,224960,Star
2582,117833,Star
2583,107199,Star
2584,1967,Star
2585,170141,Star
2586,193680,Star
2587,187796,Star
2588,257937,Star
2589,257498,Star
2590,201433,Star
2591,162220,Star
2592,177940,Star
2593,152476,Star
2594,149026,Star
2595,18242,Star
2596,224490,Star
2597,202012,Star
2598,31996,Star
2599,103483,Star
2600,148206,Star
2601,152276,Star
2602,109914,Star
2603,39881,Star
2604,92763,Star
2605,186686,Star
2606,64379,Star
2607,82901,Star
2608,194636,Star
2609,222561,Star
2610,14028,Star
2611,27490,Star
2612,84748,Star
2613,12021,Star
2614,138268,Star
2615,12211,Star
2616,2051,Star
2617,73603,Star
2618,136753,Star
2619,141850,Star
2620,109729,Star
2621,120499,Star
2622,128609,Star
2623,34019,Star
2624,220105,Star
2625,196094,Star
2626,143454,Star
2627,39816,Star
2628,224960,Star
2629,117833,Star
2630,107199,Star
2631,1967,Star
2632,170141,Star
2633,193680,Star
2634,187796,Star
2635,257937,Star
2636,257498,Star
2637,201433,Star
2638,162220,Star
2639,177940,Star
2640,152476,Star
2641,149026,Star
2642,18242,Star
2643,224490,Star
2644,202012,Star
2645,31996,Star
2646,103483,Star
2647,148206,Star
2648,152276,Star
2649,109914,Star
2650,39881,Star
2651,92763,Star
2652,186686,Star
2653,64379,Star
2654,82901,Star
2655,194636,Star
2656,222561,Star
2657,14028,Star
2658,27490,Star
2659,84748,Star
2660,12021,Star
2661,138268,Star
2662,12211,Star
2663,2051,Star
2664,73603,Star
2665,136753,Star
2666,141850,Star
2667,109729,Star
2668,120499,Star
2669,128609,Star
2670,34019,Star
2671,220105,Star
2672,196094,Star
2673,143454,Star
2674,39816,Star
2675,224960,Star
2676,117833,Star
2677,107199,Star
2678,1967,Star
2679,170141,Star
2680,193680,Star
2681,187796,Star
2682,257937,Star
2683,257498,Star
2684,201433,Star
2685,162220,Star
2686,177940,Star
2687,152476,Star
2688,149026,Star
2689,18242,Star
2690,224490,Star
2691,202012,Star
2692,31996,Star
2693,103483,Star
2694,148206,Star
2695,152276,Star
2696,109914,Star
2697,39881,Star
2698,92763,Star
2699,186686,Star
2700,64379,Star
2701,82901,Star
2702,194636,Star
2703,222561,Star
2704,14028,Star
2705,27490,Star
2706,84748,Star
2707,12021,Star
2708,138268,Star
2709,12211,Star
2710,2051,Star
2711,73603,Star
2712,136753,Star
2713,141850,Star
2714,109729,Star
2715,120499,Star
2716,128609,Star
2717,34019,Star
2718,220105,Star
2719,196094,Star
2720,143454,Star
2721,39816,Star
2722,224960,Star
2723,117833,Star
2724,107199,Star
2725,1967,Star
2726,170141,Star
2727,193680,Star
2728,187796,Star
2729,257937,Star
2730,257498,Star
2731,201433,Star
2732,162220,Star
2733,177940,Star
2734,152476,Star
2735,149026,Star
2736,18242,Star
2737,224490,Star
2738,202012,Star
2739,31996,Star
2740,103483,Star
2741,148206,Star
2742,152276,Star
2743,109914,Star
2744,39881,Star
2745,92763,Star
2746,186686,Star
2747,64379,Star
2748,82901,Star
2749,194636,Star
2750,222561,Star
2751,14028,Star
2752,27490,Star
2753,84748,Star
2754,12021,Star
2755,138268,Star
2756,12211,Star
2757,2051,Star
2758,73603,Star
2759,136753,Star
2760,141850,Star
2761,109729,Star
2762,120499,Star
2763,128609,Star
2764,34019,Star
2765,220105,Star
2766,196094,Star
2767,143454,Star
2768,39816,Star
2769,224960,Star
2770,117833,Star
2771,107199,Star
2772,1967,Star
2773,170141,Star
2774,193680,Star
2775,187796,Star
2776,257937,Star
2777,257498,Star
2778,201433,Star
2779,162220,Star
2780,177940,Star
2781,152476,Star
2782,149026,Star
2783,18242,Star
2784,224490,Star
2785,202012,Star
2786,31996,Star
2787,103483,Star
2788,148206,Star
2789,152276,Star
2790,109914,Star
2791,39881,Star
2792,92763,Star
2793,186686,Star
2794,64379,Star
2795,82901,Star
2796,194636,Star
2797,222561,Star
2798,14028,Star
2799,27490,Star
2800,84748,Star
2801,12021,Star
2802,138268,Star
2803,12211,Star
2804,2051,Star
2805,73603,Star
2806,136753,Star
2807,141850,Star
2808,109729,Star
2809,120499,Star
2810,128609,Star
2811,34019,Star
2812,220105,Star
2813,196094,Star
2814,143454,Star
2815,39816,Star
2816,224960,Star
2817,117833,Star
2818,107199,Star
2819,1967,Star
2820,170141,Star
2821,193680,Star
2822,187796,Star
2823,257937,Star
2824,257498,Star
2825,201433,Star
2826,162220,Star
2827,177940,Star
2828,152476,Star
2829,149026,Star
2830,18242,Star
2831,224490,Star
2832,202012,Star
2833,31996,Star
2834,103483,Star
2835,148206,Star
2836,152276,Star
2837,109914,Star
2838,39881,Star
2839,92763,Star
2840,186686,Star
2841,64379,Star
2842,82901,Star
2843,194636,Star
2844,222561,Star
2845,14028,Star
2846,27490,Star
2847,84748,Star
2848,12021,Star
2849,138268,Star
2850,12211,Star
2851,2051,Star
2852,73603,Star
2853,136753,Star
2854,141850,Star
2855,109729,Star
2856,120499,Star
2857,128609,Star
2858,34019,Star
2859,220105,Star
2860,196094,Star
2861,143454,Star
2862,39816,Star
2863,224960,Star
2864,117833,Star
2865,107199,Star
2866,1967,Star
2867,170141,Star
2868,193680,Star
2869,187796,Star
2870,257937,Star
2871,257498,Star
2872,201433,Star
2873,162220,Star
2874,177940,Star
2875,152476,Star
2876,149026,Star
2877,18242,Star
2878,224490,Star
2879,202012,Star
2880,31996,Star
2881,103483,Star
2882,148206,Star
2883,152276,Star
2884,109914,Star
2885,39881,Star
2886,92763,Star
2887,186686,Star
2888,64379,Star
2889,82901,Star
2890,194636,Star
2891,222561,Star
2892,14028,Star
2893,27490,Star
2894,84748,Star
2895,12021,Star
2896,138268,Star
2897,12211,Star
2898,2051,Star
2899,73603,Star
2900,136753,Star
2901,141850,Star
2902,109729,Star
2903,120499,Star
2904,128609,Star
2905,34019,Star
2906,220105,Star
2907,196094,Star
2908,143454,Star
2909,39816,Star
2910,224960,Star
2911,117833,Star
2912,107199,Star
2913,1967,Star
2914,170141,Star
2915,193680,Star
2916,187796,Star
2917,257937,Star
2918,257498,Star
2919,201433,Star
2920,162220,Star
2921,177940,Star
2922,152476,Star
2923,149026,Star
2924,18242,Star
2925,224490,Star
2926,202012,Star
2927,31996,Star
2928,103483,Star
2929,148206,Star
2930,152276,Star
2931,109914,Star
2932,39881,Star
2933,92763,Star
2934,186686,Star
2935,64379,Star
2936,82901,Star
2937,194636,Star
2938,222561,Star
2939,14028,Star
2940,27490,Star
2941,84748,Star
2942,12021,Star
2943,138268,Star
2944,12211,Star
2945,2051,Star
2946,73603,Star
2947,136753,Star
2948,141850,Star
2949,109729,Star
2950,120499,Star
2951,128609,Star
2952,34019,Star
2953,220105,Star
2954,196094,Star
2955,143454,Star
2956,39816,Star
2957,224960,Star
2958,117833,Star
2959,107199,Star
2960,1967,Star
2961,170141,Star
2962,193680,Star
2963,187796,Star
2964,257937,Star
2965,257498,Star
2966,201433,Star
2967,162220,Star
2968,177940,Star
2969,152476,Star
2970,149026,Star
2971,18242,Star
2972,224490,Star
2973,202012,Star
2974,31996,Star
2975,103483,Star
2976,148206,Star
2977,152276,Star
2978,109914,Star
2979,39881,Star
2980,92763,Star
2981,186686,Star
2982,64379,Star
2983,82901,Star
2984,194636,Star
2985,222561,Star
2986,14028,Star
2987,27490,Star
2988,84748,Star
2989,12021,Star
2990,138268,Star
2991,12211,Star
2992,2051,Star
2993,73603,Star
2994,136753,Star
2995,141850,Star
2996,109729,Star
2997,120499,Star
2998,128609,Star
2999,34019,Star
3000,220105,Star
3001,196094,Star
3002,143454,Star
3003,39816,Star
3004,224960,Star
3005,117833,Star
3006,107199,Star
3007,1967,Star
3008,170141,Star
3009,193680,Star
3010,187796,Star
3011,257937,Star
3012,257498,Star
3013,201433,Star
3014,162220,Star
3015,177940,Star
3016,152476,Star
3017,149026,Star
3018,18242,Star
3019,224490,Star
3020,202012,Star
3021,31996,Star
3022,103483,Star
3023,148206,Star
3024,152276,Star
3025,109914,Star
3026,39881,Star
3027,92763,Star
3028,186686,Star
3029,64379,Star
3030,82901,Star
3031,194636,Star
3032,222561,Star
3033,14028,Star
3034,27490,Star
3035,84748,Star
3036,12021,Star
3037,138268,Star
3038,12211,Star
3039,2051,Star
3040,73603,Star
3041,136753,Star
3042,141850,Star
3043,109729,Star
3044,120499,Star
3045,128609,Star
3046,34019,Star
3047,220105,Star
3048,196094,Star
3049,143454,Star
3050,39816,Star
3051,224960,Star
3052,117833,Star
3053,107199,Star
3054,1967,Star
3055,170141,Star
3056,193680,Star
3057,187796,Star
3058,257937,Star
3059,257498,Star
3060,201433,Star
3061,162220,Star
3062,177940,Star
3063,152476,Star
3064,149026,Star
3065,18242,Star
3066,224490,Star
3067,202012,Star
3068,31996,Star
3069,103483,Star
3070,148206,Star
3071,152276,Star
3072,109914,Star
3073,39881,Star
3074,92763,Star
3075,186686,Star
3076,64379,Star
3077,82901,Star
3078,194636,Star
3079,222561,Star
3080,14028,Star
3081,27490,Star
3082,84748,Star
3083,12021,Star
3084,138268,Star
3085,12211,Star
3086,2051,Star
3087,73603,Star
3088,136753,Star
3089,141850,Star
3090,109729,Star
3091,120499,Star
3092,128609,Star
3093,34019,Star
3094,220105,Star
3095,196094,Star
3096,143454,Star
3097,39816,Star
3098,224960,Star
3099,117833,Star
3100,107199,Star
3101,1967,Star
3102,170141,Star
3103,193680,Star
3104,187796,Star
3105,257937,Star
3106,257498,Star
3107,201433,Star
3108,162220,Star
3109,177940,Star
3110,152476,Star
3111,149026,Star
3112,18242,Star
3113,224490,Star
3114,202012,Star
3115,31996,Star
3116,103483,Star
3117,148206,Star
3118,152276,Star
3119,109914,Star
3120,39881,Star
3121,92763,Star
3122,186686,Star
3123,64379,Star
3124,82901,Star
3125,194636,Star
3126,222561,Star
3127,14028,Star
3128,27490,Star
3129,84748,Star
3130,12021,Star
3131,138268,Star
3132,12211,Star
3133,2051,Star
3134,73603,Star
3135,136753,Star
3136,141850,Star
3137,109729,Star
3138,120499,Star
3139,128609,Star
3140,34019,Star
3141,220105,Star
3142,196094,Star
3143,143454,Star
3144,39816,Star
3145,224960,Star
3146,117833,Star
3147,107199,Star
3148,1967,Star
3149,170141,Star
3150,193680,Star
3151,187796,Star
3152,257937,Star
3153,257498,Star
3154,201433,Star
3155,162220,Star
3156,177940,Star
3157,152476,Star
3158,149026,Star
3159,18242,Star
3160,224490,Star
3161,202012,Star
3162,31996,Star
3163,103483,Star
3164,148206,Star
3165,152276,Star
3166,109914,Star
3167,39881,Star
3168,92763,Star
3169,186686,Star
3170,64379,Star
3171,82901,Star
3172,194636,Star
3173,222561,Star
3174,14028,Star
3175,27490,Star
3176,84748,Star
3177,12021,Star
3178,138268,Star
3179,12211,Star
3180,2051,Star
3181,73603,Star
3182,136753,Star
3183,141850,Star
3184,109729,Star
3185,120499,Star
3186,128609,Star
3187,34019,Star
3188,220105,Star
3189,196094,Star
3190,143454,Star
3191,39816,Star
3192,224960,Star
3193,117833,Star
3194,107199,Star
3195,1967,Star
3196,170141,Star
3197,193680,Star
3198,187796,Star
3199,257937,Star
3200,257498,Star
3201,201433,Star
3202,162220,Star
3203,177940,Star
3204,152476,Star
3205,149026,Star
3206,18242,Star
3207,224490,Star
3208,202012,Star
3209,31996,Star
3210,103483,Star
3211,148206,Star
3212,152276,Star
3213,109914,Star
3214,39881,Star
3215,92763,Star
3216,186686,Star
3217,64379,Star
3218,82901,Star
3219,194636,Star
3220,222561,Star
3221,14028,Star
3222,27490,Star
3223,84748,Star
3224,12021,Star
3225,138268,Star
3226,12211,Star
3227,2051,Star
3228,73603,Star
3229,136753,Star
3230,141850,Star
3231,109729,Star
3232,120499,Star
3233,128609,Star
3234,34019,Star
3235,220105,Star
3236,196094,Star
3237,143454,Star
3238,39816,Star
3239,224960,Star
3240,117833,Star
3241,107199,Star
3242,1967,Star
3243,170141,Star
3244,193680,Star
3245,187796,Star
3246,257937,Star
3247,257498,Star
3248,201433,Star
3249,162220,Star
3250,177940,Star
3251,152476,Star
3252,149026,Star
3253,18242,Star
3254,224490,Star
3255,202012,Star
3256,31996,Star
3257,103483,Star
3258,148206,Star
3259,152276,Star
3260,109914,Star
3261,39881,Star
3262,92763,Star
3263,186686,Star
3264,64379,Star
3265,82901,Star
3266,194636,Star
3267,222561,Star
3268,14028,Star
3269,27490,Star
3270,84748,Star
3271,12021,Star
3272,138268,Star
3273,12211,Star
3274,2051,Star
3275,73603,Star
3276,136753,Star
3277,141850,Star
3278,109729,Star
3279,120499,Star
3280,128609,Star
3281,34019,Star
3282,220105,Star
3283,196094,Star
3284,143454,Star
3285,39816,Star
3286,224960,Star
3287,117833,Star
3288,107199,Star
3289,1967,Star
3290,170141,Star
3291,193680,Star
3292,187796,Star
3293,257937,Star
3294,257498,Star
3295,201433,Star
3296,162220,Star
3297,177940,Star
3298,152476,Star
3299,149026,Star
3300,18242,Star
3301,224490,Star
3302,202012,Star
3303,31996,Star
3304,103483,Star
3305,148206,Star
3306,152276,Star
3307,109914,Star
3308,39881,Star
3309,92763,Star
3310,186686,Star
3311,64379,Star
3312,82901,Star
3313,194636,Star
3314,222561,Star
3315,14028,Star
3316,27490,Star
3317,84748,Star
3318,12021,Star
3319,138268,Star
3320,12211,Star
3321,2051,Star
3322,73603,Star
3323,136753,Star
3324,141850,Star
3325,109729,Star
3326,120499,Star
3327,128609,Star
3328,34019,Star
3329,220105,Star
3330,196094,Star
3331,143454,Star
3332,39816,Star
3333,224960,Star
3334,117833,Star
3335,107199,Star
3336,1967,Star
3337,170141,Star
3338,193680,Star
3339,187796,Star
3340,257937,Star
3341,257498,Star
3342,201433,Star
3343,162220,Star
3344,177940,Star
3345,152476,Star
3346,149026,Star
3347,18242,Star
3348,224490,Star
3349,202012,Star
3350,31996,Star
3351,103483,Star
3352,148206,Star
3353,152276,Star
3354,109914,Star
3355,39881,Star
3356,92763,Star
3357,186686,Star
3358,64379,Star
3359,82901,Star
3360,194636,Star
3361,222561,Star
3362,14028,Star
3363,27490,Star
3364,84748,Star
3365,12021,Star
3366,138268,Star
3367,12211,Star
3368,2051,Star
3369,73603,Star
3370,136753,Star
3371,141850,Star
3372,109729,Star
3373,120499,Star
3374,128609,Star
3375,34019,Star
3376,220105,Star
3377,196094,Star
3378,143454,Star
3379,39816,Star
3380,224960,Star
3381,117833,Star
3382,107199,Star
3383,1967,Star
3384,170141,Star
3385,193680,Star
3386,187796,Star
3387,257937,Star
3388,257498,Star
3389,201433,Star
3390,162220,Star
3391,177940,Star
3392,152476,Star
3393,149026,Star
3394,18242,Star
3395,224490,Star
3396,202012,Star
3397,31996,Star
3398,103483,Star
3399,148206,Star
3400,152276,Star
3401,109914,Star
3402,39881,Star
3403,92763,Star
3404,186686,Star
3405,64379,Star
3406,82901,Star
3407,194636,Star
3408,222561,Star
3409,14028,Star
3410,27490,Star
3411,84748,Star
3412,12021,Star
3413,138268,Star
3414,12211,Star
3415,2051,Star
3416,73603,Star
3417,136753,Star
3418,141850,Star
3419,109729,Star
3420,120499,Star
3421,128609,Star
3422,34019,Star
3423,220105,Star
3424,196094,Star
3425,143454,Star
3426,39816,Star
3427,224960,Star
3428,117833,Star
3429,107199,Star
3430,1967,Star
3431,170141,Star
3432,193680,Star
3433,187796,Star
3434,257937,Star
3435,257498,Star
3436,201433,Star
3437,162220,Star
3438,177940,Star
3439,152476,Star
3440,149026,Star
3441,18242,Star
3442,224490,Star
3443,202012,Star
3444,31996,Star
3445,103483,Star
3446,148206,Star
3447,152276,Star
3448,109914,Star
3449,39881,Star
3450,92763,Star
3451,186686,Star
3452,64379,Star
3453,82901,Star
3454,194636,Star
3455,222561,Star
3456,14028,Star
3457,27490,Star
3458,84748,Star
3459,12021,Star
3460,138268,Star
3461,12211,Star
3462,2051,Star
3463,73603,Star
3464,136753,Star
3465,141850,Star
3466,109729,Star
3467,120499,Star
3468,128609,Star
3469,34019,Star
3470,220105,Star
3471,196094,Star
3472,143454,Star
3473,39816,Star
3474,224960,Star
3475,117833,Star
3476,107199,Star
3477,1967,Star
3478,170141,Star
3479,193680,Star
3480,187796,Star
3481,257937,Star
3482,257498,Star
3483,201433,Star
3484,162220,Star
3485,177940,Star
3486,152476,Star
3487,149026,Star
3488,18242,Star
3489,224490,Star
3490,202012,Star
3491,31996,Star
3492,103483,Star
3493,148206,Star
3494,152276,Star
3495,109914,Star
3496,39881,Star
3497,92763,Star
3498,186686,Star
3499,64379,Star
3500,82901,Star
3501,194636,Star
3502,222561,Star
3503,14028,Star
3504,27490,Star
3505,84748,Star
3506,12021,Star
3507,138268,Star
3508,12211,Star
3509,2051,Star
3510,73603,Star
3511,136753,Star
3512,141850,Star
3513,109729,Star
3514,120499,Star
3515,128609,Star
3516,34019,Star
3517,220105,Star
3518,196094,Star
3519,143454,Star
3520,39816,Star
3521,224960,Star
3522,117833,Star
3523,107199,Star
3524,1967,Star
3525,170141,Star
3526,193680,Star
3527,187796,Star
3528,257937,Star
3529,257498,Star
3530,201433,Star
3531,162220,Star
3532,177940,Star
3533,152476,Star
3534,149026,Star
3535,18242,Star
3536,224490,Star
3537,202012,Star
3538,31996,Star
3539,103483,Star
3540,148206,Star
3541,152276,Star
3542,109914,Star
3543,39881,Star
3544,92763,Star
3545,186686,Star
3546,64379,Star
3547,82901,Star
3548,194636,Star
3549,222561,Star
3550,14028,Star
3551,27490,Star
3552,84748,Star
3553,12021,Star
3554,138268,Star
3555,12211,Star
3556,2051,Star
3557,73603,Star
3558,136753,Star
3559,141850,Star
3560,109729,Star
3561,120499,Star
3562,128609,Star
3563,34019,Star
3564,220105,Star
3565,196094,Star
3566,143454,Star
3567,39816,Star
3568,224960,Star
3569,117833,Star
3570,107199,Star
3571,1967,Star
3572,170141,Star
3573,193680,Star
3574,187796,Star
3575,257937,Star
3576,257498,Star
3577,201433,Star
3578,162220,Star
3579,177940,Star
3580,152476,Star
3581,149026,Star
3582,18242,Star
3583,224490,Star
3584,202012,Star
3585,31996,Star
3586,103483,Star
3587,148206,Star
3588,152276,Star
3589,109914,Star
3590,39881,Star
3591,92763,Star
3592,186686,Star
3593,64379,Star
3594,82901,Star
3595,194636,Star
3596,222561,Star
3597,14028,Star
3598,27490,Star
3599,84748,Star
3600,12021,Star
3601,138268,Star
3602,12211,Star
3603,2051,Star
3604,73603,Star
3605,136753,Star
3606,141850,Star
3607,109729,Star
3608,120499,Star
3609,128609,Star
3610,34019,Star
3611,220105,Star
3612,196094,Star
3613,143454,Star
3614,39816,Star
3615,224960,Star
3616,117833,Star
3617,107199,Star
3618,1967,Star
3619,170141,Star
3620,193680,Star
3621,187796,Star
3622,257937,Star
3623,257498,Star
3624,201433,Star
3625,162220,Star
3626,177940,Star
3627,152476,Star
3628,149026,Star
3629,18242,Star
3630,224490,Star
3631,202012,Star
3632,31996,Star
3633,103483,Star
3634,148206,Star
3635,152276,Star
3636,109914,Star
3637,39881,Star
3638,92763,Star
3639,186686,Star
3640,64379,Star
3641,82901,Star
3642,194636,Star
3643,222561,Star
3644,14028,Star
3645,27490,Star
3646,84748,Star
3647,12021,Star
3648,138268,Star
3649,12211,Star
3650,2051,Star
3651,73603,Star
3652,136753,Star
3653,141850,Star
3654,109729,Star
3655,120499,Star
3656,128609,Star
3657,34019,Star
3658,220105,Star
3659,196094,Star
3660,143454,Star
3661,39816,Star
3662,224960,Star
3663,117833,Star
3664,107199,Star
3665,1967,Star
3666,170141,Star
3667,193680,Star
3668,187796,Star
3669,257937,Star
3670,257498,Star
3671,201433,Star
3672,162220,Star
3673,177940,Star
3674,152476,Star
3675,149026,Star
3676,18242,Star
3677,224490,Star
3678,202012,Star
3679,31996,Star
3680,103483,Star
3681,148206,Star
3682,152276,Star
3683,109914,Star
3684,39881,Star
3685,92763,Star
3686,186686,Star
3687,64379,Star
3688,82901,Star
3689,194636,Star
3690,222561,Star
3691,14028,Star
3692,27490,Star
3693,84748,Star
3694,12021,Star
3695,138268,Star
3696,12211,Star
3697,2051,Star
3698,73603,Star
3699,136753,Star
3700,141850,Star
3701,109729,Star
3702,120499,Star
3703,128609,Star
3704,34019,Star
3705,220105,Star
3706,196094,Star
3707,143454,Star
3708,39816,Star
3709,224960,Star
3710,117833,Star
3711,107199,Star
3712,1967,Star
3713,170141,Star
3714,193680,Star
3715,187796,Star
3716,257937,Star
3717,257498,Star
3718,201433,Star
3719,162220,Star
3720,177940,Star
3721,152476,Star
3722,149026,Star
3723,18242,Star
3724,224490,Star
3725,202012,Star
3726,31996,Star
3727,103483,Star
3728,148206,Star
3729,152276,Star
3730,109914,Star
3731,39881,Star
3732,92763,Star
3733,186686,Star
3734,64379,Star
3735,82901,Star
3736,194636,Star
3737,222561,Star
3738,14028,Star
3739,27490,Star
3740,84748,Star
3741,12021,Star
3742,138268,Star
3743,12211,Star
3744,2051,Star
3745,73603,Star
3746,136753,Star
3747,141850,Star
3748,109729,Star
3749,120499,Star
3750,128609,Star
3751,34019,Star
3752,220105,Star
3753,196094,Star
3754,143454,Star
3755,39816,Star
3756,224960,Star
3757,117833,Star
3758,107199,Star
3759,1967,Star
3760,170141,Star
3761,193680,Star
3762,187796,Star
3763,257937,Star
3764,257498,Star
3765,201433,Star
3766,162220,Star
3767,177940,Star
3768,152476,Star
3769,149026,Star
3770,18242,Star
3771,224490,Star
3772,202012,Star
3773,31996,Star
3774,103483,Star
3775,148206,Star
3776,152276,Star
3777,109914,Star
3778,39881,Star
3779,92763,Star
3780,186686,Star
3781,64379,Star
3782,82901,Star
3783,194636,Star
3784,222561,Star
3785,14028,Star
3786,27490,Star
3787,84748,Star
3788,12021,Star
3789,138268,Star
3790,12211,Star
3791,2051,Star
3792,73603,Star
3793,136753,Star
3794,141850,Star
3795,109729,Star
3796,120499,Star
3797,128609,Star
3798,34019,Star
3799,220105,Star
3800,196094,Star
3801,143454,Star
3802,39816,Star
3803,224960,Star
3804,117833,Star
3805,107199,Star
3806,1967,Star
3807,170141,Star
3808,193680,Star
3809,187796,Star
3810,257937,Star
3811,257498,Star
3812,201433,Star
3813,162220,Star
3814,177940,Star
3815,152476,Star
3816,149026,Star
3817,18242,Star
3818,224490,Star
3819,202012,Star
3820,31996,Star
3821,103483,Star
3822,148206,Star
3823,152276,Star
3824,109914,Star
3825,39881,Star
3826,92763,Star
3827,186686,Star
3828,64379,Star
3829,82901,Star
3830,194636,Star
3831,222561,Star
3832,14028,Star
3833,27490,Star
3834,84748,Star
3835,12021,Star
3836,138268,Star
3837,12211,Star
3838,2051,Star
3839,73603,Star
3840,136753,Star
3841,141850,Star
3842,109729,Star
3843,120499,Star
3844,128609,Star
3845,34019,Star
3846,220105,Star
3847,196094,Star
3848,143454,Star
3849,39816,Star
3850,224960,Star
3851,117833,Star
3852,107199,Star
3853,1967,Star
3854,170141,Star
3855,193680,Star
3856,187796,Star
3857,257937,Star
3858,257498,Star
3859,201433,Star
3860,162220,Star
3861,177940,Star
3862,152476,Star
3863,149026,Star
3864,18242,Star
3865,224490,Star
3866,202012,Star
3867,31996,Star
3868,103483,Star
3869,148206,Star
3870,152276,Star
3871,109914,Star
3872,39881,Star
3873,92763,Star
3874,186686,Star
3875,64379,Star
3876,82901,Star
3877,194636,Star
3878,222561,Star
3879,14028,Star
3880,27490,Star
3881,84748,Star
3882,12021,Star
3883,138268,Star
3884,12211,Star
3885,2051,Star
3886,73603,Star
3887,136753,Star
3888,141850,Star
3889,109729,Star
3890,120499,Star
3891,128609,Star
3892,34019,Star
3893,220105,Star
3894,196094,Star
3895,143454,Star
3896,39816,Star
3897,224960,Star
3898,117833,Star
3899,107199,Star
3900,1967,Star
3901,170141,Star
3902,193680,Star
3903,187796,Star
3904,257937,Star
3905,257498,Star
3906,201433,Star
3907,162220,Star
3908,177940,Star
3909,152476,Star
3910,149026,Star
3911,18242,Star
3912,224490,Star
3913,202012,Star
3914,31996,Star
3915,103483,Star
3916,148206,Star
3917,152276,Star
3918,109914,Star
3919,39881,Star
3920,92763,Star
3921,186686,Star
3922,64379,Star
3923,82901,Star
3924,194636,Star
3925,222561,Star
3926,14028,Star
3927,27490,Star
3928,84748,Star
3929,12021,Star
3930,138268,Star
3931,12211,Star
3932,2051,Star
3933,73603,Star
3934,136753,Star
3935,141850,Star
3936,109729,Star
3937,120499,Star
3938,128609,Star
3939,34019,Star
3940,220105,Star
3941,196094,Star
3942,143454,Star
3943,39816,Star
3944,224960,Star
3945,117833,Star
3946,107199,Star
3947,1967,Star
3948,170141,Star
3949,193680,Star
3950,187796,Star
3951,257937,Star
3952,257498,Star
3953,201433,Star
3954,162220,Star
3955,177940,Star
3956,152476,Star
3957,149026,Star
3958,18242,Star
3959,224490,Star
3960,202012,Star
3961,31996,Star
3962,103483,Star
3963,148206,Star
3964,152276,Star
3965,109914,Star
3966,39881,Star
3967,92763,Star
3968,186686,Star
3969,64379,Star
3970,82901,Star
3971,194636,Star
3972,222561,Star
3973,14028,Star
3974,27490,Star
3975,84748,Star
3976,12021,Star
3977,138268,Star
3978,12211,Star
3979,2051,Star
3980,73603,Star
3981,136753,Star
3982,141850,Star
3983,109729,Star
3984,120499,Star
3985,128609,Star
3986,34019,Star
3987,220105,Star
3988,196094,Star
3989,143454,Star
3990,39816,Star
3991,224960,Star
3992,117833,Star
3993,107199,Star
3994,1967,Star
3995,170141,Star
3996,193680,Star
3997,187796,Star
3998,257937,Star
3999,257498,Star
4000,201433,Star
4001,162220,Star
4002,177940,Star
4003,152476,Star
4004,149026,Star
4005,18242,Star
4006,224490,Star
4007,202012,Star
4008,31996,Star
4009,103483,Star
4010,148206,Star
4011,152276,Star
4012,109914,Star
4013,39881,Star
4014,92763,Star
4015,186686,Star
4016,64379,Star
4017,82901,Star
4018,194636,Star
4019,222561,Star
4020,14028,Star
4021,27490,Star
4022,84748,Star
4023,12021,Star
4024,138268,Star
4025,12211,Star
4026,2051,Star
4027,73603,Star
4028,136753,Star
4029,141850,Star
4030,109729,Star
4031,120499,Star
4032,128609,Star
4033,34019,Star
4034,220105,Star
4035,196094,Star
4036,143454,Star
4037,39816,Star
4038,224960,Star
4039,117833,Star
4040,107199,Star
4041,1967,Star
4042,170141,Star
4043,193680,Star
4044,187796,Star
4045,257937,Star
4046,257498,Star
4047,201433,Star
4048,162220,Star
4049,177940,Star
4050,152476,Star
4051,149026,Star
4052,18242,Star
4053,224490,Star
4054,202012,Star
4055,31996,Star
4056,103483,Star
4057,148206,Star
4058,152276,Star
4059,109914,Star
4060,39881,Star
4061,92763,Star
4062,186686,Star
4063,64379,Star
4064,82901,Star
4065,194636,Star
4066,222561,Star
4067,14028,Star
4068,27490,Star
4069,84748,Star
4070,12021,Star
4071,138268,Star
4072,12211,Star
4073,2051,Star
4074,73603,Star
4075,136753,Star
4076,141850,Star
4077,109729,Star
4078,120499,Star
4079,128609,Star
4080,34019,Star
4081,220105,Star
4082,196094,Star
4083,143454,Star
4084,39816,Star
4085,224960,Star
4086,117833,Star
4087,107199,Star
4088,1967,Star
4089,170141,Star
4090,193680,Star
4091,187796,Star
4092,257937,Star
4093,257498,Star
4094,201433,Star
4095,162220,Star
4096,177940,Star
4097,152476,Star
4098,149026,Star
4099,18242,Star
4100,224490,Star
4101,202012,Star
4102,31996,Star
4103,103483,Star
4104,148206,Star
4105,152276,Star
4106,109914,Star
4107,39881,Star
4108,92763,Star
4109,186686,Star
4110,64379,Star
4111,82901,Star
4112,194636,Star
4113,222561,Star
4114,14028,Star
4115,27490,Star
4116,84748,Star
4117,12021,Star
4118,138268,Star
4119,12211,Star
4120,2051,Star
4121,73603,Star
4122,136753,Star
4123,141850,Star
4124,109729,Star
4125,120499,Star
4126,128609,Star
4127,34019,Star
4128,220105,Star
4129,196094,Star
4130,143454,Star
4131,39816,Star
4132,224960,Star
4133,117833,Star
4134,107199,Star
4135,1967,Star
4136,170141,Star
4137,193680,Star
4138,187796,Star
4139,257937,Star
4140,257498,Star
4141,201433,Star
4142,162220,Star
4143,177940,Star
4144,152476,Star
4145,149026,Star
4146,18242,Star
4147,224490,Star
4148,202012,Star
4149,31996,Star
4150,103483,Star
4151,148206,Star
4152,152276,Star
4153,109914,Star
4154,39881,Star
4155,92763,Star
4156,186686,Star
4157,64379,Star
4158,82901,Star
4159,194636,Star
4160,222561,Star
4161,14028,Star
4162,27490,Star
4163,84748,Star
4164,12021,Star
4165,138268,Star
4166,12211,Star
4167,2051,Star
4168,73603,Star
4169,136753,Star
4170,141850,Star
4171,109729,Star
4172,120499,Star
4173,128609,Star
4174,34019,Star
4175,220105,Star
4176,196094,Star
4177,143454,Star
4178,39816,Star
4179,224960,Star
4180,117833,Star
4181,107199,Star
4182,1967,Star
4183,170141,Star
4184,193680,Star
4185,187796,Star
4186,257937,Star
4187,257498,Star
4188,201433,Star
4189,162220,Star
4190,177940,Star
4191,152476,Star
4192,149026,Star
4193,18242,Star
4194,224490,Star
4195,202012,Star
4196,31996,Star
4197,103483,Star
4198,148206,Star
4199,152276,Star
4200,109914,Star
4201,39881,Star
4202,92763,Star
4203,186686,Star
4204,64379,Star
4205,82901,Star
4206,194636,Star
4207,222561,Star
4208,14028,Star
4209,27490,Star
4210,84748,Star
4211,12021,Star
4212,138268,Star
4213,12211,Star
4214,2051,Star
4215,73603,Star
4216,136753,Star
4217,141850,Star
4218,109729,Star
4219,120499,Star
4220,128609,Star
4221,34019,Star
4222,220105,Star
4223,196094,Star
4224,143454,Star
4225,39816,Star
4226,224960,Star
4227,117833,Star
4228,107199,Star
4229,1967,Star
4230,170141,Star
4231,193680,Star
4232,187796,Star
4233,257937,Star
4234,257498,Star
4235,201433,Star
4236,162220,Star
4237,177940,Star
4238,152476,Star
4239,149026,Star
4240,18242,Star
4241,224490,Star
4242,202012,Star
4243,31996,Star
4244,103483,Star
4245,148206,Star
4246,152276,Star
4247,109914,Star
4248,39881,Star
4249,92763,Star
4250,186686,Star
4251,64379,Star
4252,82901,Star
4253,194636,Star
4254,222561,Star
4255,14028,Star
4256,27490,Star
4257,84748,Star
4258,12021,Star
4259,138268,Star
4260,12211,Star
4261,2051,Star
4262,73603,Star
4263,136753,Star
4264,141850,Star
4265,109729,Star
4266,120499,Star
4267,128609,Star
4268,34019,Star
4269,220105,Star
4270,196094,Star
4271,143454,Star
4272,39816,Star
4273,224960,Star
4274,117833,Star
4275,107199,Star
4276,1967,Star
4277,170141,Star
4278,193680,Star
4279,187796,Star
4280,257937,Star
4281,257498,Star
4282,201433,Star
4283,162220,Star
4284,177940,Star
4285,152476,Star
4286,149026,Star
4287,18242,Star
4288,224490,Star
4289,202012,Star
4290,31996,Star
4291,103483,Star
4292,148206,Star
4293,152276,Star
4294,109914,Star
4295,39881,Star
4296,92763,Star
4297,186686,Star
4298,64379,Star
4299,82901,Star
4300,194636,Star
4301,222561,Star
4302,14028,Star
4303,27490,Star
4304,84748,Star
4305,12021,Star
4306,138268,Star
4307,12211,Star
4308,2051,Star
4309,73603,Star
4310,136753,Star
4311,141850,Star
4312,109729,Star
4313,120499,Star
4314,128609,Star
4315,34019,Star
4316,220105,Star
4317,196094,Star
4318,143454,Star
4319,39816,Star
4320,224960,Star
4321,117833,Star
4322,107199,Star
4323,1967,Star
4324,170141,Star
4325,193680,Star
4326,187796,Star
4327,257937,Star
4328,257498,Star
4329,201433,Star
4330,162220,Star
4331,177940,Star
4332,152476,Star
4333,149026,Star
4334,18242,Star
4335,224490,Star
4336,202012,Star
4337,31996,Star
4338,103483,Star
4339,148206,Star
4340,152276,Star
4341,109914,Star
4342,39881,Star
4343,92763,Star
4344,186686,Star
4345,64379,Star
4346,82901,Star
4347,194636,Star
4348,222561,Star
4349,14028,Star
4350,27490,Star
4351,84748,Star
4352,12021,Star
4353,138268,Star
4354,12211,Star
4355,2051,Star
4356,73603,Star
4357,136753,Star
4358,141850,Star
4359,109729,Star
4360,120499,Star
4361,128609,Star
4362,34019,Star
4363,220105,Star
4364,196094,Star
4365,143454,Star
4366,39816,Star
4367,224960,Star
4368,117833,Star
4369,107199,Star
4370,1967,Star
